num_server_farms,total_servers,servers_per_farm_avg,mean_episode_wall_s,std_episode_wall_s,mean_steps,std_steps,mean_total_energy,std_total_energy,mean_init_s,std_init_s,ms_per_step_mean,std_ms_per_step,ms_action_per_step,ms_env_step_per_step
2,10,5.0,0.0053662399936001744,0.0006216293180452318,20,0.0,14.3,2.5052544780919956,0.01818910000438336,0.014073679513115953,0.26831199968000874,0.03108146590226159,0.08890199969755486,0.17793299979530275
3,18,6.0,0.006883500001276843,0.00016723765850735166,20,0.0,15.665999999999999,2.5254167972831714,0.011810319998767227,0.00016108925246898146,0.34417500006384216,0.008361882925367584,0.0855040005990304,0.2572280004096683
5,25,5.0,0.008715740003390237,0.0002870205711353049,20,0.0,16.158,1.5568461709494619,0.014067340004839935,0.001070798813063028,0.43578700016951183,0.014351028556765243,0.08755099959671497,0.3467070007172878
